<?xml version="1.0" encoding="UTF-8"?>
<project-private xmlns="http://www.netbeans.org/ns/project-private/1">
    <editor-bookmarks xmlns="http://www.netbeans.org/ns/editor-bookmarks/2" lastBookmarkId="0"/>
    <open-files xmlns="http://www.netbeans.org/ns/projectui-open-files/2">
        <group>
            <file>file:/C:/Users/ASUS/Documents/NetBeansProjects/CafeManagementSystem/src/View/Login.java</file>
            <file>file:/C:/Users/ASUS/Documents/NetBeansProjects/CafeManagementSystem/src/View/AddProductForm.java</file>
            <file>file:/C:/Users/ASUS/Documents/NetBeansProjects/CafeManagementSystem/src/Model/DBConnection.java</file>
            <file>file:/C:/Users/ASUS/Documents/NetBeansProjects/CafeManagementSystem/src/Model/AddCustomer.java</file>
            <file>file:/C:/Users/ASUS/Documents/NetBeansProjects/CafeManagementSystem/src/Controler/CustomerController.java</file>
            <file>file:/C:/Users/ASUS/Documents/NetBeansProjects/CafeManagementSystem/src/Controler/OrderController.java</file>
            <file>file:/C:/Users/ASUS/Documents/NetBeansProjects/CafeManagementSystem/src/View/RemoveCustomerForm.java</file>
            <file>file:/C:/Users/ASUS/Documents/NetBeansProjects/CafeManagementSystem/src/View/ManageProductFrame.java</file>
            <file>file:/C:/Users/ASUS/Documents/NetBeansProjects/CafeManagementSystem/src/View/ViewOrderFrame.java</file>
            <file>file:/C:/Users/ASUS/Documents/NetBeansProjects/CafeManagementSystem/src/Model/AddOrder.java</file>
            <file>file:/C:/Users/ASUS/Documents/NetBeansProjects/CafeManagementSystem/src/Controler/LoginController.java</file>
            <file>file:/C:/Users/ASUS/Documents/NetBeansProjects/CafeManagementSystem/src/Model/DBSearch.java</file>
            <file>file:/C:/Users/ASUS/Documents/NetBeansProjects/CafeManagementSystem/src/View/AllProductForm.java</file>
            <file>file:/C:/Users/ASUS/Documents/NetBeansProjects/CafeManagementSystem/src/Controler/ProductController.java</file>
            <file>file:/C:/Users/ASUS/Documents/NetBeansProjects/CafeManagementSystem/src/Model/AddProduct.java</file>
            <file>file:/C:/Users/ASUS/Documents/NetBeansProjects/CafeManagementSystem/src/View/AddCustomerForm.java</file>
            <file>file:/C:/Users/ASUS/Documents/NetBeansProjects/CafeManagementSystem/src/View/CustomersForm.java</file>
            <file>file:/C:/Users/ASUS/Documents/NetBeansProjects/CafeManagementSystem/src/View/RemoveOrderForm.java</file>
            <file>file:/C:/Users/ASUS/Documents/NetBeansProjects/CafeManagementSystem/src/View/AdminForm.java</file>
            <file>file:/C:/Users/ASUS/Documents/NetBeansProjects/CafeManagementSystem/src/Model/RemoveOrder.java</file>
            <file>file:/C:/Users/ASUS/Documents/NetBeansProjects/CafeManagementSystem/src/View/Home.java</file>
            <file>file:/C:/Users/ASUS/Documents/NetBeansProjects/CafeManagementSystem/src/View/AddOrderForm.java</file>
            <file>file:/C:/Users/ASUS/Documents/NetBeansProjects/CafeManagementSystem/src/Model/RemoveCustomer.java</file>
        </group>
    </open-files>
</project-private>
